MAE,RMSE,R2,predictions
4.443478260869565,179.41038649590132,0.998727146127684,[ 1825.  1825. 18250. ...  3650.  1825.  1825.]
